,index,Date,Price,Quantity,date,month,year,week
0,0,2018-01-01,347042.0,19452.0,1,1,2018,0
1,1,2018-01-02,349867.0,20368.0,2,1,2018,1
2,2,2018-01-03,110394.0,5962.0,3,1,2018,2
3,3,2018-01-04,47157.0,2869.0,4,1,2018,3
4,4,2018-01-05,53551.0,2995.0,5,1,2018,4
5,5,2018-01-06,62957.0,3141.0,6,1,2018,5
6,6,2018-01-07,111000.0,5629.0,7,1,2018,6
7,7,2018-01-08,35402.0,2150.0,8,1,2018,0
8,8,2018-01-09,31336.0,1856.0,9,1,2018,1
9,9,2018-01-10,24161.0,1269.0,10,1,2018,2
10,10,2018-01-11,26896.0,1408.0,11,1,2018,3
11,11,2018-01-12,23543.0,1356.0,12,1,2018,4
12,12,2018-01-13,38658.0,1863.0,13,1,2018,5
13,13,2018-01-14,85409.0,4044.0,14,1,2018,6
14,14,2018-01-15,28609.0,1529.0,15,1,2018,0
15,15,2018-01-16,23775.0,1306.0,16,1,2018,1
16,16,2018-01-17,19980.0,758.0,17,1,2018,2
17,17,2018-01-18,51357.0,2764.0,18,1,2018,3
18,18,2018-01-19,35008.0,1541.0,19,1,2018,4
19,19,2018-01-20,42266.0,2145.0,20,1,2018,5
20,20,2018-01-21,96979.0,4284.0,21,1,2018,6
21,21,2018-01-22,22054.0,1295.0,22,1,2018,0
22,22,2018-01-23,20146.0,961.0,23,1,2018,1
23,23,2018-01-24,29825.0,1457.0,24,1,2018,2
24,24,2018-01-25,30235.0,1424.0,25,1,2018,3
25,25,2018-01-26,31386.0,1638.0,26,1,2018,4
26,26,2018-01-27,54621.0,2689.0,27,1,2018,5
27,27,2018-01-28,104896.0,5143.0,28,1,2018,6
28,28,2018-01-29,26076.0,1210.0,29,1,2018,0
29,29,2018-01-30,28892.0,1274.0,30,1,2018,1
30,30,2018-01-31,26981.0,1229.0,31,1,2018,2
31,31,2018-02-01,42977.0,1942.0,1,2,2018,3
32,32,2018-02-02,48320.0,2204.0,2,2,2018,4
33,33,2018-02-03,58542.0,2678.0,3,2,2018,5
34,34,2018-02-04,108204.0,5005.0,4,2,2018,6
35,35,2018-02-05,50145.0,2543.0,5,2,2018,0
36,36,2018-02-06,33441.0,1577.0,6,2,2018,1
37,37,2018-02-07,26810.0,1254.0,7,2,2018,2
38,38,2018-02-08,35069.0,1682.0,8,2,2018,3
39,39,2018-02-09,39961.0,1993.0,9,2,2018,4
40,40,2018-02-10,52260.0,2752.0,10,2,2018,5
41,41,2018-02-11,88742.0,4071.0,11,2,2018,6
42,42,2018-02-12,36532.0,1715.0,12,2,2018,0
43,43,2018-02-13,25667.0,1346.0,13,2,2018,1
44,44,2018-02-14,30678.0,2094.0,14,2,2018,2
45,45,2018-02-15,22518.0,1369.0,15,2,2018,3
46,46,2018-02-16,48265.0,2570.0,16,2,2018,4
47,47,2018-02-17,64390.0,3078.0,17,2,2018,5
48,48,2018-02-18,109130.0,5132.0,18,2,2018,6
49,49,2018-02-19,29501.0,1306.0,19,2,2018,0
50,50,2018-02-20,23731.0,1139.0,20,2,2018,1
51,51,2018-02-21,26943.0,1259.0,21,2,2018,2
52,52,2018-02-22,22204.0,1196.0,22,2,2018,3
53,53,2018-02-23,42381.0,2210.0,23,2,2018,4
54,54,2018-02-24,50209.0,2767.0,24,2,2018,5
55,55,2018-02-25,137560.0,6235.0,25,2,2018,6
56,56,2018-02-26,32071.0,1645.0,26,2,2018,0
57,57,2018-02-27,30764.0,1657.0,27,2,2018,1
58,58,2018-02-28,28324.0,1236.0,28,2,2018,2
59,59,2018-03-01,56253.0,2669.0,1,3,2018,3
60,60,2018-03-02,32763.0,1412.0,2,3,2018,4
61,61,2018-03-03,47015.0,2318.0,3,3,2018,5
62,62,2018-03-04,94851.0,4496.0,4,3,2018,6
63,63,2018-03-05,27857.0,1410.0,5,3,2018,0
64,64,2018-03-06,20787.0,1029.0,6,3,2018,1
65,65,2018-03-07,28915.0,1327.0,7,3,2018,2
66,66,2018-03-08,31434.0,1555.0,8,3,2018,3
67,67,2018-03-09,28466.0,1399.0,9,3,2018,4
68,68,2018-03-10,31915.0,1392.0,10,3,2018,5
69,69,2018-03-11,74256.0,3307.0,11,3,2018,6
70,70,2018-03-12,22939.0,1054.0,12,3,2018,0
71,71,2018-03-13,26307.0,1344.0,13,3,2018,1
72,72,2018-03-14,33237.0,1570.0,14,3,2018,2
73,73,2018-03-15,31230.0,1444.0,15,3,2018,3
74,74,2018-03-16,30673.0,1433.0,16,3,2018,4
75,75,2018-03-17,47169.0,2250.0,17,3,2018,5
76,76,2018-03-18,85991.0,3857.0,18,3,2018,6
77,77,2018-03-19,32685.0,1481.0,19,3,2018,0
78,78,2018-03-20,32806.0,1703.0,20,3,2018,1
79,79,2018-03-21,23454.0,1182.0,21,3,2018,2
80,80,2018-03-22,32700.0,1489.0,22,3,2018,3
81,81,2018-03-23,32735.0,1653.0,23,3,2018,4
82,82,2018-03-24,48112.0,2486.0,24,3,2018,5
83,83,2018-03-25,91827.0,4598.0,25,3,2018,6
84,84,2018-03-26,19645.0,1068.0,26,3,2018,0
85,85,2018-03-27,25779.0,1254.0,27,3,2018,1
86,86,2018-03-28,30301.0,1490.0,28,3,2018,2
87,87,2018-03-29,34167.0,2024.0,29,3,2018,3
88,88,2018-03-30,39134.0,1876.0,30,3,2018,4
89,89,2018-03-31,46689.0,2376.0,31,3,2018,5
90,90,2018-04-01,84699.0,3923.0,1,4,2018,6
91,91,2018-04-02,27856.0,1402.0,2,4,2018,0
92,92,2018-04-03,29607.0,1582.0,3,4,2018,1
93,93,2018-04-04,29812.0,1459.0,4,4,2018,2
94,94,2018-04-05,31831.0,1524.0,5,4,2018,3
95,95,2018-04-06,43302.0,2000.0,6,4,2018,4
96,96,2018-04-07,52121.0,2419.0,7,4,2018,5
97,97,2018-04-08,78892.0,3802.0,8,4,2018,6
98,98,2018-04-09,35140.0,1558.0,9,4,2018,0
99,99,2018-04-10,36442.0,1829.0,10,4,2018,1
100,100,2018-04-11,23007.0,1194.0,11,4,2018,2
101,101,2018-04-12,52630.0,2535.0,12,4,2018,3
102,102,2018-04-13,84960.0,4160.0,13,4,2018,4
103,103,2018-04-14,146431.0,6900.0,14,4,2018,5
104,104,2018-04-15,218377.0,10445.0,15,4,2018,6
105,105,2018-04-16,134402.0,6795.0,16,4,2018,0
106,106,2018-04-17,65572.0,3484.0,17,4,2018,1
107,107,2018-04-18,35555.0,1651.0,18,4,2018,2
108,108,2018-04-19,36538.0,1659.0,19,4,2018,3
109,109,2018-04-20,25474.0,1212.0,20,4,2018,4
110,110,2018-04-21,49170.0,2456.0,21,4,2018,5
111,111,2018-04-22,75166.0,3584.0,22,4,2018,6
112,112,2018-04-23,32912.0,1717.0,23,4,2018,0
113,113,2018-04-24,23838.0,1232.0,24,4,2018,1
114,114,2018-04-25,27806.0,1544.0,25,4,2018,2
115,115,2018-04-26,32617.0,1539.0,26,4,2018,3
116,116,2018-04-27,39099.0,1843.0,27,4,2018,4
117,117,2018-04-28,57189.0,2676.0,28,4,2018,5
118,118,2018-04-29,82563.0,3870.0,29,4,2018,6
119,119,2018-04-30,30371.0,1511.0,30,4,2018,0
120,120,2018-05-01,62735.0,3054.0,1,5,2018,1
121,121,2018-05-02,20381.0,1063.0,2,5,2018,2
122,122,2018-05-03,24994.0,1377.0,3,5,2018,3
123,123,2018-05-04,43035.0,2192.0,4,5,2018,4
124,124,2018-05-05,33838.0,1735.0,5,5,2018,5
125,125,2018-05-06,72272.0,3436.0,6,5,2018,6
126,126,2018-05-07,28477.0,1264.0,7,5,2018,0
127,127,2018-05-08,42677.0,1986.0,8,5,2018,1
128,128,2018-05-09,36888.0,1734.0,9,5,2018,2
129,129,2018-05-10,28140.0,1473.0,10,5,2018,3
130,130,2018-05-11,44754.0,2097.0,11,5,2018,4
131,131,2018-05-12,40928.0,1908.0,12,5,2018,5
132,132,2018-05-13,82119.0,3838.0,13,5,2018,6
133,133,2018-05-14,39809.0,1986.0,14,5,2018,0
134,134,2018-05-15,31553.0,1589.0,15,5,2018,1
135,135,2018-05-16,21056.0,955.0,16,5,2018,2
136,136,2018-05-17,25566.0,1271.0,17,5,2018,3
137,137,2018-05-18,33381.0,1454.0,18,5,2018,4
138,138,2018-05-19,50161.0,2345.0,19,5,2018,5
139,139,2018-05-20,69733.0,3307.0,20,5,2018,6
140,140,2018-05-21,29755.0,1450.0,21,5,2018,0
141,141,2018-05-22,27359.0,1523.0,22,5,2018,1
142,142,2018-05-23,22814.0,1248.0,23,5,2018,2
143,143,2018-05-24,27558.0,1181.0,24,5,2018,3
144,144,2018-05-25,36208.0,1676.0,25,5,2018,4
145,145,2018-05-26,48018.0,2240.0,26,5,2018,5
146,146,2018-05-27,60568.0,2752.0,27,5,2018,6
147,147,2018-05-28,42923.0,1916.0,28,5,2018,0
148,148,2018-05-29,89761.0,4226.0,29,5,2018,1
149,149,2018-05-30,18774.0,947.0,30,5,2018,2
150,150,2018-05-31,29450.0,1473.0,31,5,2018,3
151,151,2018-06-01,26397.0,1143.0,1,6,2018,4
152,152,2018-06-02,35875.0,1670.0,2,6,2018,5
153,153,2018-06-03,63824.0,2926.0,3,6,2018,6
154,154,2018-06-04,21511.0,1110.0,4,6,2018,0
155,155,2018-06-05,27343.0,1249.0,5,6,2018,1
156,156,2018-06-06,24296.0,1139.0,6,6,2018,2
157,157,2018-06-07,26218.0,1169.0,7,6,2018,3
158,158,2018-06-08,31142.0,1415.0,8,6,2018,4
159,159,2018-06-09,36467.0,1559.0,9,6,2018,5
160,160,2018-06-10,57598.0,2643.0,10,6,2018,6
161,161,2018-06-11,22431.0,1275.0,11,6,2018,0
162,162,2018-06-12,19846.0,1131.0,12,6,2018,1
163,163,2018-06-13,27832.0,1336.0,13,6,2018,2
164,164,2018-06-14,30497.0,1685.0,14,6,2018,3
165,165,2018-06-15,18812.0,904.0,15,6,2018,4
166,166,2018-06-16,29457.0,1299.0,16,6,2018,5
167,167,2018-06-17,78457.0,3691.0,17,6,2018,6
168,168,2018-06-18,22107.0,1100.0,18,6,2018,0
169,169,2018-06-19,29749.0,1409.0,19,6,2018,1
170,170,2018-06-20,30742.0,1576.0,20,6,2018,2
171,171,2018-06-21,30022.0,1660.0,21,6,2018,3
172,172,2018-06-22,20889.0,1141.0,22,6,2018,4
173,173,2018-06-23,43054.0,1947.0,23,6,2018,5
174,174,2018-06-24,80379.0,3830.0,24,6,2018,6
175,175,2018-06-25,24689.0,1357.0,25,6,2018,0
176,176,2018-06-26,27237.0,1387.0,26,6,2018,1
177,177,2018-06-27,21557.0,1052.0,27,6,2018,2
178,178,2018-06-28,32680.0,1656.0,28,6,2018,3
179,179,2018-06-29,27238.0,1201.0,29,6,2018,4
180,180,2018-06-30,44449.0,1939.0,30,6,2018,5
181,181,2018-07-01,80569.0,4190.0,1,7,2018,6
182,182,2018-07-02,25236.0,1144.0,2,7,2018,0
183,183,2018-07-03,26244.0,1321.0,3,7,2018,1
184,184,2018-07-04,25562.0,1135.0,4,7,2018,2
185,185,2018-07-05,23833.0,1183.0,5,7,2018,3
186,186,2018-07-06,30506.0,1351.0,6,7,2018,4
187,187,2018-07-07,58030.0,2915.0,7,7,2018,5
188,188,2018-07-08,64770.0,2942.0,8,7,2018,6
189,189,2018-07-09,26233.0,1185.0,9,7,2018,0
190,190,2018-07-10,20845.0,930.0,10,7,2018,1
191,191,2018-07-11,36960.0,1594.0,11,7,2018,2
192,192,2018-07-12,28124.0,1526.0,12,7,2018,3
193,193,2018-07-13,48085.0,2149.0,13,7,2018,4
194,194,2018-07-14,54249.0,2491.0,14,7,2018,5
195,195,2018-07-15,81933.0,3668.0,15,7,2018,6
196,196,2018-07-16,29880.0,1510.0,16,7,2018,0
197,197,2018-07-17,52983.0,2429.0,17,7,2018,1
198,198,2018-07-18,30606.0,1568.0,18,7,2018,2
199,199,2018-07-19,40573.0,1832.0,19,7,2018,3
200,200,2018-07-20,38392.0,1975.0,20,7,2018,4
201,201,2018-07-21,58171.0,2923.0,21,7,2018,5
202,202,2018-07-22,98801.0,4502.0,22,7,2018,6
203,203,2018-07-23,27829.0,1475.0,23,7,2018,0
204,204,2018-07-24,40024.0,2075.0,24,7,2018,1
205,205,2018-07-25,32202.0,1568.0,25,7,2018,2
206,206,2018-07-26,45549.0,2291.0,26,7,2018,3
207,207,2018-07-27,79721.0,3550.0,27,7,2018,4
208,208,2018-07-28,136955.0,6316.0,28,7,2018,5
209,209,2018-07-29,186580.0,9240.0,29,7,2018,6
210,210,2018-07-30,117822.0,6372.0,30,7,2018,0
211,211,2018-07-31,21802.0,1118.0,31,7,2018,1
212,212,2018-08-01,26288.0,1216.0,1,8,2018,2
213,213,2018-08-02,24435.0,1121.0,2,8,2018,3
214,214,2018-08-03,31493.0,1597.0,3,8,2018,4
215,215,2018-08-04,51668.0,2381.0,4,8,2018,5
216,216,2018-08-05,78383.0,3743.0,5,8,2018,6
217,217,2018-08-06,22807.0,1065.0,6,8,2018,0
218,218,2018-08-07,20094.0,1057.0,7,8,2018,1
219,219,2018-08-08,29098.0,1527.0,8,8,2018,2
220,220,2018-08-09,40146.0,1817.0,9,8,2018,3
221,221,2018-08-10,25927.0,1125.0,10,8,2018,4
222,222,2018-08-11,42382.0,2002.0,11,8,2018,5
223,223,2018-08-12,107478.0,4790.0,12,8,2018,6
224,224,2018-08-13,109339.0,5131.0,13,8,2018,0
225,225,2018-08-14,26907.0,1515.0,14,8,2018,1
226,226,2018-08-15,32625.0,1704.0,15,8,2018,2
227,227,2018-08-16,54065.0,2320.0,16,8,2018,3
228,228,2018-08-17,39335.0,1737.0,17,8,2018,4
229,229,2018-08-18,44472.0,2181.0,18,8,2018,5
230,230,2018-08-19,72844.0,3365.0,19,8,2018,6
231,231,2018-08-20,29375.0,1332.0,20,8,2018,0
232,232,2018-08-21,42788.0,1802.0,21,8,2018,1
233,233,2018-08-22,44712.0,2372.0,22,8,2018,2
234,234,2018-08-23,26720.0,1388.0,23,8,2018,3
235,235,2018-08-24,61180.0,3220.0,24,8,2018,4
236,236,2018-08-25,36463.0,1700.0,25,8,2018,5
237,237,2018-08-26,72175.0,3389.0,26,8,2018,6
238,238,2018-08-27,31955.0,1585.0,27,8,2018,0
239,239,2018-08-28,22674.0,1304.0,28,8,2018,1
240,240,2018-08-29,35899.0,1746.0,29,8,2018,2
241,241,2018-08-30,32800.0,1381.0,30,8,2018,3
242,242,2018-08-31,54060.0,2295.0,31,8,2018,4
243,243,2018-09-01,40422.0,1879.0,1,9,2018,5
244,244,2018-09-02,68307.0,3251.0,2,9,2018,6
245,245,2018-09-03,28736.0,1380.0,3,9,2018,0
246,246,2018-09-04,23357.0,1181.0,4,9,2018,1
247,247,2018-09-05,23440.0,1371.0,5,9,2018,2
248,248,2018-09-06,27691.0,1206.0,6,9,2018,3
249,249,2018-09-07,30915.0,1564.0,7,9,2018,4
250,250,2018-09-08,56050.0,2614.0,8,9,2018,5
251,251,2018-09-09,81158.0,3856.0,9,9,2018,6
252,252,2018-09-10,34385.0,1930.0,10,9,2018,0
253,253,2018-09-11,32344.0,1595.0,11,9,2018,1
254,254,2018-09-12,26829.0,1258.0,12,9,2018,2
255,255,2018-09-13,30455.0,1626.0,13,9,2018,3
256,256,2018-09-14,42601.0,1920.0,14,9,2018,4
257,257,2018-09-15,54758.0,2767.0,15,9,2018,5
258,258,2018-09-16,48281.0,2248.0,16,9,2018,6
259,259,2018-09-17,29681.0,1361.0,17,9,2018,0
260,260,2018-09-18,28599.0,1380.0,18,9,2018,1
261,261,2018-09-19,28671.0,1399.0,19,9,2018,2
262,262,2018-09-20,21919.0,1033.0,20,9,2018,3
263,263,2018-09-21,39695.0,1715.0,21,9,2018,4
264,264,2018-09-22,54018.0,2562.0,22,9,2018,5
265,265,2018-09-23,77656.0,3675.0,23,9,2018,6
266,266,2018-09-24,32865.0,1543.0,24,9,2018,0
267,267,2018-09-25,26816.0,1188.0,25,9,2018,1
268,268,2018-09-26,26152.0,1269.0,26,9,2018,2
269,269,2018-09-27,41466.0,2137.0,27,9,2018,3
270,270,2018-09-28,32007.0,1492.0,28,9,2018,4
271,271,2018-09-29,50898.0,2544.0,29,9,2018,5
272,272,2018-09-30,102683.0,5009.0,30,9,2018,6
819,0,2018-10-01,0.0,0.0,1,10,2018,0
820,1,2018-10-02,0.0,0.0,2,10,2018,1
821,2,2018-10-03,0.0,0.0,3,10,2018,2
822,3,2018-10-04,0.0,0.0,4,10,2018,3
823,4,2018-10-05,0.0,0.0,5,10,2018,4
824,5,2018-10-06,0.0,0.0,6,10,2018,5
825,6,2018-10-07,0.0,0.0,7,10,2018,6
826,7,2018-10-08,0.0,0.0,8,10,2018,0
827,8,2018-10-09,0.0,0.0,9,10,2018,1
828,9,2018-10-10,0.0,0.0,10,10,2018,2
829,10,2018-10-11,0.0,0.0,11,10,2018,3
830,11,2018-10-12,0.0,0.0,12,10,2018,4
831,12,2018-10-13,0.0,0.0,13,10,2018,5
832,13,2018-10-14,0.0,0.0,14,10,2018,6
833,14,2018-10-15,0.0,0.0,15,10,2018,0
834,15,2018-10-16,0.0,0.0,16,10,2018,1
835,16,2018-10-17,0.0,0.0,17,10,2018,2
836,17,2018-10-18,0.0,0.0,18,10,2018,3
837,18,2018-10-19,0.0,0.0,19,10,2018,4
838,19,2018-10-20,0.0,0.0,20,10,2018,5
839,20,2018-10-21,0.0,0.0,21,10,2018,6
840,21,2018-10-22,0.0,0.0,22,10,2018,0
841,22,2018-10-23,0.0,0.0,23,10,2018,1
842,23,2018-10-24,0.0,0.0,24,10,2018,2
843,24,2018-10-25,0.0,0.0,25,10,2018,3
844,25,2018-10-26,0.0,0.0,26,10,2018,4
845,26,2018-10-27,0.0,0.0,27,10,2018,5
846,27,2018-10-28,0.0,0.0,28,10,2018,6
847,28,2018-10-29,0.0,0.0,29,10,2018,0
848,29,2018-10-30,0.0,0.0,30,10,2018,1
849,30,2018-10-31,0.0,0.0,31,10,2018,2
850,31,2018-11-01,0.0,0.0,1,11,2018,3
851,32,2018-11-02,0.0,0.0,2,11,2018,4
852,33,2018-11-03,0.0,0.0,3,11,2018,5
853,34,2018-11-04,0.0,0.0,4,11,2018,6
854,35,2018-11-05,0.0,0.0,5,11,2018,0
855,36,2018-11-06,0.0,0.0,6,11,2018,1
856,37,2018-11-07,0.0,0.0,7,11,2018,2
857,38,2018-11-08,0.0,0.0,8,11,2018,3
858,39,2018-11-09,0.0,0.0,9,11,2018,4
859,40,2018-11-10,0.0,0.0,10,11,2018,5
860,41,2018-11-11,0.0,0.0,11,11,2018,6
861,42,2018-11-12,0.0,0.0,12,11,2018,0
862,43,2018-11-13,0.0,0.0,13,11,2018,1
863,44,2018-11-14,0.0,0.0,14,11,2018,2
864,45,2018-11-15,0.0,0.0,15,11,2018,3
865,46,2018-11-16,0.0,0.0,16,11,2018,4
866,47,2018-11-17,0.0,0.0,17,11,2018,5
867,48,2018-11-18,0.0,0.0,18,11,2018,6
868,49,2018-11-19,0.0,0.0,19,11,2018,0
869,50,2018-11-20,0.0,0.0,20,11,2018,1
870,51,2018-11-21,0.0,0.0,21,11,2018,2
871,52,2018-11-22,0.0,0.0,22,11,2018,3
872,53,2018-11-23,0.0,0.0,23,11,2018,4
873,54,2018-11-24,0.0,0.0,24,11,2018,5
874,55,2018-11-25,0.0,0.0,25,11,2018,6
875,56,2018-11-26,0.0,0.0,26,11,2018,0
876,57,2018-11-27,0.0,0.0,27,11,2018,1
877,58,2018-11-28,0.0,0.0,28,11,2018,2
878,59,2018-11-29,0.0,0.0,29,11,2018,3
879,60,2018-11-30,0.0,0.0,30,11,2018,4
880,61,2018-12-01,0.0,0.0,1,12,2018,5
881,62,2018-12-02,0.0,0.0,2,12,2018,6
882,63,2018-12-03,0.0,0.0,3,12,2018,0
883,64,2018-12-04,0.0,0.0,4,12,2018,1
884,65,2018-12-05,0.0,0.0,5,12,2018,2
885,66,2018-12-06,0.0,0.0,6,12,2018,3
886,67,2018-12-07,0.0,0.0,7,12,2018,4
887,68,2018-12-08,0.0,0.0,8,12,2018,5
888,69,2018-12-09,0.0,0.0,9,12,2018,6
889,70,2018-12-10,0.0,0.0,10,12,2018,0
890,71,2018-12-11,0.0,0.0,11,12,2018,1
891,72,2018-12-12,0.0,0.0,12,12,2018,2
892,73,2018-12-13,0.0,0.0,13,12,2018,3
893,74,2018-12-14,0.0,0.0,14,12,2018,4
894,75,2018-12-15,0.0,0.0,15,12,2018,5
895,76,2018-12-16,0.0,0.0,16,12,2018,6
896,77,2018-12-17,0.0,0.0,17,12,2018,0
897,78,2018-12-18,0.0,0.0,18,12,2018,1
898,79,2018-12-19,0.0,0.0,19,12,2018,2
899,80,2018-12-20,0.0,0.0,20,12,2018,3
900,81,2018-12-21,0.0,0.0,21,12,2018,4
901,82,2018-12-22,0.0,0.0,22,12,2018,5
902,83,2018-12-23,0.0,0.0,23,12,2018,6
903,84,2018-12-24,0.0,0.0,24,12,2018,0
904,85,2018-12-25,0.0,0.0,25,12,2018,1
905,86,2018-12-26,0.0,0.0,26,12,2018,2
906,87,2018-12-27,0.0,0.0,27,12,2018,3
907,88,2018-12-28,0.0,0.0,28,12,2018,4
908,89,2018-12-29,0.0,0.0,29,12,2018,5
909,90,2018-12-30,0.0,0.0,30,12,2018,6
910,91,2018-12-31,0.0,0.0,31,12,2018,0
273,273,2019-01-01,587005.0,17010.0,1,1,2019,1
274,274,2019-01-02,491172.0,14343.0,2,1,2019,2
275,275,2019-01-03,135193.0,3410.0,3,1,2019,3
276,276,2019-01-04,63642.0,1927.0,4,1,2019,4
277,277,2019-01-05,64745.0,1726.0,5,1,2019,5
278,278,2019-01-06,89936.0,2443.0,6,1,2019,6
279,279,2019-01-07,154923.0,4194.326,7,1,2019,0
280,280,2019-01-08,49677.0,1563.0,8,1,2019,1
281,281,2019-01-09,35262.0,1083.0,9,1,2019,2
282,282,2019-01-10,44674.0,1251.0,10,1,2019,3
283,283,2019-01-11,41583.0,1137.0,11,1,2019,4
284,284,2019-01-12,31848.0,901.0,12,1,2019,5
285,285,2019-01-13,59430.0,1796.0,13,1,2019,6
286,286,2019-01-14,123971.0,3481.0,14,1,2019,0
287,287,2019-01-15,33723.0,970.0,15,1,2019,1
288,288,2019-01-16,30986.0,969.0,16,1,2019,2
289,289,2019-01-17,40001.0,1117.0,17,1,2019,3
290,290,2019-01-18,57684.0,1719.0,18,1,2019,4
291,291,2019-01-19,70564.0,2002.0,19,1,2019,5
292,292,2019-01-20,66765.0,1869.0,20,1,2019,6
293,293,2019-01-21,147662.0,3893.0,21,1,2019,0
294,294,2019-01-22,38654.0,1250.0,22,1,2019,1
295,295,2019-01-23,29870.0,666.0,23,1,2019,2
296,296,2019-01-24,47002.0,1344.0,24,1,2019,3
297,297,2019-01-25,35760.0,926.0,25,1,2019,4
298,298,2019-01-26,49776.0,1271.0,26,1,2019,5
299,299,2019-01-27,81120.0,2268.0,27,1,2019,6
300,300,2019-01-28,150611.0,4041.0,28,1,2019,0
301,301,2019-01-29,33109.0,917.0,29,1,2019,1
302,302,2019-01-30,33886.0,921.0,30,1,2019,2
303,303,2019-01-31,40083.0,1047.0,31,1,2019,3
304,304,2019-02-01,49739.0,1254.0,1,2,2019,4
305,305,2019-02-02,67499.0,1805.0,2,2,2019,5
306,306,2019-02-03,94532.0,2523.0,3,2,2019,6
307,307,2019-02-04,153639.0,4050.0,4,2,2019,0
308,308,2019-02-05,88889.0,2641.0,5,2,2019,1
309,309,2019-02-06,31275.0,915.0,6,2,2019,2
310,310,2019-02-07,35843.0,934.0,7,2,2019,3
311,311,2019-02-08,38324.0,1144.0,8,2,2019,4
312,312,2019-02-09,58854.0,1684.0,9,2,2019,5
313,313,2019-02-10,71128.0,2021.0,10,2,2019,6
314,314,2019-02-11,141241.0,3628.0,11,2,2019,0
315,315,2019-02-12,44845.0,1292.0,12,2,2019,1
316,316,2019-02-13,33450.0,784.0,13,2,2019,2
317,317,2019-02-14,36466.0,1149.0,14,2,2019,3
318,318,2019-02-15,37930.0,1047.0,15,2,2019,4
319,319,2019-02-16,47959.0,1616.0,16,2,2019,5
320,320,2019-02-17,82192.0,2399.0,17,2,2019,6
321,321,2019-02-18,166603.0,4335.0,18,2,2019,0
322,322,2019-02-19,39138.0,1094.0,19,2,2019,1
323,323,2019-02-20,32808.0,936.0,20,2,2019,2
324,324,2019-02-21,38285.0,1099.0,21,2,2019,3
325,325,2019-02-22,34690.0,900.0,22,2,2019,4
326,326,2019-02-23,62417.0,1625.0,23,2,2019,5
327,327,2019-02-24,75213.0,2631.0,24,2,2019,6
328,328,2019-02-25,195564.0,5156.0,25,2,2019,0
329,329,2019-02-26,49985.0,1529.0,26,2,2019,1
330,330,2019-02-27,36956.0,1166.0,27,2,2019,2
331,331,2019-02-28,44087.0,1207.0,28,2,2019,3
332,332,2019-03-01,71385.0,1838.0,1,3,2019,4
333,333,2019-03-02,53970.0,1214.0,2,3,2019,5
334,334,2019-03-03,76559.0,2068.0,3,3,2019,6
335,335,2019-03-04,127742.0,3214.0,4,3,2019,0
336,336,2019-03-05,41098.0,1084.0,5,3,2019,1
337,337,2019-03-06,27471.0,770.0,6,3,2019,2
338,338,2019-03-07,37786.0,1041.0,7,3,2019,3
339,339,2019-03-08,47181.0,1420.0,8,3,2019,4
340,340,2019-03-09,30644.0,882.0,9,3,2019,5
341,341,2019-03-10,62947.0,1587.0,10,3,2019,6
342,342,2019-03-11,116678.0,3210.0,11,3,2019,0
343,343,2019-03-12,34814.0,984.0,12,3,2019,1
344,344,2019-03-13,40007.0,1098.0,13,3,2019,2
345,345,2019-03-14,48869.0,1219.0,14,3,2019,3
346,346,2019-03-15,36353.0,1110.0,15,3,2019,4
347,347,2019-03-16,46446.0,1323.0,16,3,2019,5
348,348,2019-03-17,70880.0,1938.0,17,3,2019,6
349,349,2019-03-18,119024.0,3153.0,18,3,2019,0
350,350,2019-03-19,51236.0,1295.0,19,3,2019,1
351,351,2019-03-20,43615.0,1270.0,20,3,2019,2
352,352,2019-03-21,31156.0,906.0,21,3,2019,3
353,353,2019-03-22,39630.0,1076.0,22,3,2019,4
354,354,2019-03-23,55273.0,1711.0,23,3,2019,5
355,355,2019-03-24,64234.0,1795.0,24,3,2019,6
356,356,2019-03-25,140069.0,3800.0,25,3,2019,0
357,357,2019-03-26,39733.0,1007.0,26,3,2019,1
358,358,2019-03-27,28773.0,923.0,27,3,2019,2
359,359,2019-03-28,36952.0,965.0,28,3,2019,3
360,360,2019-03-29,38850.0,1130.0,29,3,2019,4
361,361,2019-03-30,54386.0,1364.0,30,3,2019,5
362,362,2019-03-31,75847.0,2063.0,31,3,2019,6
363,363,2019-04-01,142660.0,3558.0,1,4,2019,0
364,364,2019-04-02,47094.0,1244.0,2,4,2019,1
365,365,2019-04-03,33642.0,919.0,3,4,2019,2
366,366,2019-04-04,39679.0,991.0,4,4,2019,3
367,367,2019-04-05,33181.0,1047.0,5,4,2019,4
368,368,2019-04-06,66331.0,1773.0,6,4,2019,5
369,369,2019-04-07,78790.0,2286.0,7,4,2019,6
370,370,2019-04-08,105126.0,2847.0,8,4,2019,0
371,371,2019-04-09,58095.0,1494.0,9,4,2019,1
372,372,2019-04-10,40573.0,1180.0,10,4,2019,2
373,373,2019-04-11,29904.0,948.0,11,4,2019,3
374,374,2019-04-12,61207.0,1806.0,12,4,2019,4
375,375,2019-04-13,118330.0,3477.0,13,4,2019,5
376,376,2019-04-14,215844.0,5939.0,14,4,2019,6
377,377,2019-04-15,300505.0,8223.0,15,4,2019,0
378,378,2019-04-16,188941.0,4982.0,16,4,2019,1
379,379,2019-04-17,88919.0,2615.0,17,4,2019,2
380,380,2019-04-18,46187.0,1281.0,18,4,2019,3
381,381,2019-04-19,37395.0,966.0,19,4,2019,4
382,382,2019-04-20,41382.0,1001.0,20,4,2019,5
383,383,2019-04-21,70825.0,1890.0,21,4,2019,6
384,384,2019-04-22,109390.0,3057.0,22,4,2019,0
385,385,2019-04-23,49631.0,1481.0,23,4,2019,1
386,386,2019-04-24,32919.0,1092.0,24,4,2019,2
387,387,2019-04-25,41144.0,1179.0,25,4,2019,3
388,388,2019-04-26,28428.0,922.0,26,4,2019,4
389,389,2019-04-27,41569.0,1109.0,27,4,2019,5
390,390,2019-04-28,82405.0,2323.0,28,4,2019,6
391,391,2019-04-29,140135.0,3591.0,29,4,2019,0
392,392,2019-04-30,42649.0,1118.0,30,4,2019,1
393,393,2019-05-01,90854.0,2351.0,1,5,2019,2
394,394,2019-05-02,39395.0,1146.0,2,5,2019,3
395,395,2019-05-03,30979.0,992.0,3,5,2019,4
396,396,2019-05-04,56462.0,1505.0,4,5,2019,5
397,397,2019-05-05,47445.0,1239.0,5,5,2019,6
398,398,2019-05-06,101403.0,2809.0,6,5,2019,0
399,399,2019-05-07,48152.0,1333.0,7,5,2019,1
400,400,2019-05-08,66762.0,1730.0,8,5,2019,2
401,401,2019-05-09,48791.0,1447.0,9,5,2019,3
402,402,2019-05-10,31045.0,968.0,10,5,2019,4
403,403,2019-05-11,68854.0,1638.0,11,5,2019,5
404,404,2019-05-12,67527.0,1678.0,12,5,2019,6
405,405,2019-05-13,124387.0,3280.0,13,5,2019,0
406,406,2019-05-14,64604.0,1701.0,14,5,2019,1
407,407,2019-05-15,37822.0,1146.0,15,5,2019,2
408,408,2019-05-16,29718.0,720.0,16,5,2019,3
409,409,2019-05-17,33502.0,995.0,17,5,2019,4
410,410,2019-05-18,56185.0,1474.0,18,5,2019,5
411,411,2019-05-19,64070.0,1883.0,19,5,2019,6
412,412,2019-05-20,112485.0,2781.0,20,5,2019,0
413,413,2019-05-21,41679.0,1048.0,21,5,2019,1
414,414,2019-05-22,36559.0,1072.0,22,5,2019,2
415,415,2019-05-23,37694.0,901.0,23,5,2019,3
416,416,2019-05-24,38466.0,1006.0,24,5,2019,4
417,417,2019-05-25,47781.0,1313.0,25,5,2019,5
418,418,2019-05-26,73926.0,2041.0,26,5,2019,6
419,419,2019-05-27,77808.0,2192.0,27,5,2019,0
420,420,2019-05-28,63679.0,1527.0,28,5,2019,1
421,421,2019-05-29,120290.0,2994.0,29,5,2019,2
422,422,2019-05-30,27854.0,788.0,30,5,2019,3
423,423,2019-05-31,39367.0,1039.0,31,5,2019,4
424,424,2019-06-01,30663.0,750.0,1,6,2019,5
425,425,2019-06-02,49968.0,1315.0,2,6,2019,6
426,426,2019-06-03,96880.0,2726.0,3,6,2019,0
427,427,2019-06-04,29926.0,785.0,4,6,2019,1
428,428,2019-06-05,33853.0,865.0,5,6,2019,2
429,429,2019-06-06,30678.0,793.0,6,6,2019,3
430,430,2019-06-07,34819.0,963.0,7,6,2019,4
431,431,2019-06-08,41791.0,1241.0,8,6,2019,5
432,432,2019-06-09,58184.0,1569.0,9,6,2019,6
433,433,2019-06-10,88603.0,2464.0,10,6,2019,0
434,434,2019-06-11,27699.0,765.0,11,6,2019,1
435,435,2019-06-12,31875.0,804.0,12,6,2019,2
436,436,2019-06-13,36399.0,1026.0,13,6,2019,3
437,437,2019-06-14,28576.0,962.0,14,6,2019,4
438,438,2019-06-15,32731.0,812.0,15,6,2019,5
439,439,2019-06-16,54583.0,1530.0,16,6,2019,6
440,440,2019-06-17,114808.0,3121.0,17,6,2019,0
441,441,2019-06-18,28252.0,741.0,18,6,2019,1
442,442,2019-06-19,34655.0,981.0,19,6,2019,2
443,443,2019-06-20,32275.0,879.0,20,6,2019,3
444,444,2019-06-21,37968.0,1119.0,21,6,2019,4
445,445,2019-06-22,27803.0,741.0,22,6,2019,5
446,446,2019-06-23,67040.0,1737.0,23,6,2019,6
447,447,2019-06-24,104840.0,2866.0,24,6,2019,0
448,448,2019-06-25,31688.0,938.0,25,6,2019,1
449,449,2019-06-26,36960.0,1013.0,26,6,2019,2
450,450,2019-06-27,26497.0,746.0,27,6,2019,3
451,451,2019-06-28,34062.0,952.0,28,6,2019,4
452,452,2019-06-29,40264.0,1035.0,29,6,2019,5
453,453,2019-06-30,82628.0,2132.0,30,6,2019,6
454,454,2019-07-01,112975.0,3063.0,1,7,2019,0
455,455,2019-07-02,36786.0,909.0,2,7,2019,1
456,456,2019-07-03,30113.0,851.0,3,7,2019,2
457,457,2019-07-04,30484.0,795.0,4,7,2019,3
458,458,2019-07-05,29515.0,840.0,5,7,2019,4
459,459,2019-07-06,57679.0,1440.0,6,7,2019,5
460,460,2019-07-07,99385.0,2603.0,7,7,2019,6
461,461,2019-07-08,112746.0,3029.0,8,7,2019,0
462,462,2019-07-09,37931.0,961.0,9,7,2019,1
463,463,2019-07-10,29269.0,818.0,10,7,2019,2
464,464,2019-07-11,47057.0,1250.0,11,7,2019,3
465,465,2019-07-12,39260.0,1100.0,12,7,2019,4
466,466,2019-07-13,68241.0,1881.0,13,7,2019,5
467,467,2019-07-14,90912.0,2238.0,14,7,2019,6
468,468,2019-07-15,118173.0,3018.0,15,7,2019,0
469,469,2019-07-16,26431.0,800.0,16,7,2019,1
470,470,2019-07-17,60082.0,1777.0,17,7,2019,2
471,471,2019-07-18,31309.0,1038.0,18,7,2019,3
472,472,2019-07-19,48257.0,1242.0,19,7,2019,4
473,473,2019-07-20,49880.0,1257.0,20,7,2019,5
474,474,2019-07-21,76501.0,2197.0,21,7,2019,6
475,475,2019-07-22,138385.0,3614.0,22,7,2019,0
476,476,2019-07-23,32559.0,932.0,23,7,2019,1
477,477,2019-07-24,40985.0,1020.0,24,7,2019,2
478,478,2019-07-25,47329.0,1316.0,25,7,2019,3
479,479,2019-07-26,55209.0,1576.0,26,7,2019,4
480,480,2019-07-27,101035.0,2632.0,27,7,2019,5
481,481,2019-07-28,199067.0,5394.0,28,7,2019,6
482,482,2019-07-29,278912.0,6950.0,29,7,2019,0
483,483,2019-07-30,124179.0,3692.0,30,7,2019,1
484,484,2019-07-31,28572.0,692.0,31,7,2019,2
485,485,2019-08-01,28068.0,799.0,1,8,2019,3
486,486,2019-08-02,28498.0,801.0,2,8,2019,4
487,487,2019-08-03,32362.0,972.0,3,8,2019,5
488,488,2019-08-04,82056.0,2043.0,4,8,2019,6
489,489,2019-08-05,113220.0,3056.0,5,8,2019,0
490,490,2019-08-06,39271.0,928.0,6,8,2019,1
491,491,2019-08-07,24300.0,708.0,7,8,2019,2
492,492,2019-08-08,35322.0,1000.0,8,8,2019,3
493,493,2019-08-09,47253.0,1411.0,9,8,2019,4
494,494,2019-08-10,37056.0,1015.0,10,8,2019,5
495,495,2019-08-11,64129.0,1918.0,11,8,2019,6
496,496,2019-08-12,149184.0,3902.0,12,8,2019,0
497,497,2019-08-13,146996.0,3979.0,13,8,2019,1
498,498,2019-08-14,31430.0,929.0,14,8,2019,2
499,499,2019-08-15,38463.0,1072.0,15,8,2019,3
500,500,2019-08-16,60257.0,1614.0,16,8,2019,4
501,501,2019-08-17,47423.0,1250.0,17,8,2019,5
502,502,2019-08-18,58920.0,1481.0,18,8,2019,6
503,503,2019-08-19,104097.0,2873.0,19,8,2019,0
504,504,2019-08-20,46033.0,1095.0,20,8,2019,1
505,505,2019-08-21,65859.0,1723.0,21,8,2019,2
506,506,2019-08-22,53542.0,1594.0,22,8,2019,3
507,507,2019-08-23,29079.0,911.0,23,8,2019,4
508,508,2019-08-24,71376.0,1954.0,24,8,2019,5
509,509,2019-08-25,58036.0,1602.0,25,8,2019,6
510,510,2019-08-26,107121.0,2734.0,26,8,2019,0
511,511,2019-08-27,51485.0,1354.0,27,8,2019,1
512,512,2019-08-28,29499.0,971.0,28,8,2019,2
513,513,2019-08-29,48999.0,1407.0,29,8,2019,3
514,514,2019-08-30,46004.0,1248.0,30,8,2019,4
515,515,2019-08-31,91071.0,2496.0,31,8,2019,5
516,516,2019-09-01,53715.0,1482.0,1,9,2019,6
517,517,2019-09-02,93550.0,2574.0,2,9,2019,0
518,518,2019-09-03,42144.0,1229.0,3,9,2019,1
519,519,2019-09-04,33110.0,758.0,4,9,2019,2
520,520,2019-09-05,28419.0,802.0,5,9,2019,3
521,521,2019-09-06,25379.0,710.0,6,9,2019,4
522,522,2019-09-07,43444.0,1139.0,7,9,2019,5
523,523,2019-09-08,67022.0,1694.0,8,9,2019,6
524,524,2019-09-09,107948.0,2657.0,9,9,2019,0
525,525,2019-09-10,41545.0,1056.0,10,9,2019,1
526,526,2019-09-11,45368.0,1131.0,11,9,2019,2
527,527,2019-09-12,31168.0,904.0,12,9,2019,3
528,528,2019-09-13,27745.0,773.0,13,9,2019,4
529,529,2019-09-14,55278.0,1425.0,14,9,2019,5
530,530,2019-09-15,66679.0,1794.0,15,9,2019,6
531,531,2019-09-16,60730.0,1664.0,16,9,2019,0
532,532,2019-09-17,42217.0,1168.0,17,9,2019,1
533,533,2019-09-18,33437.0,974.0,18,9,2019,2
534,534,2019-09-19,26194.0,770.0,19,9,2019,3
535,535,2019-09-20,24421.0,696.0,20,9,2019,4
536,536,2019-09-21,48163.0,1256.0,21,9,2019,5
537,537,2019-09-22,77504.0,2030.0,22,9,2019,6
538,538,2019-09-23,101604.0,2810.0,23,9,2019,0
539,539,2019-09-24,51647.0,1394.0,24,9,2019,1
540,540,2019-09-25,29005.0,828.0,25,9,2019,2
541,541,2019-09-26,27827.0,759.0,26,9,2019,3
542,542,2019-09-27,44385.0,1190.0,27,9,2019,4
543,543,2019-09-28,37758.0,999.0,28,9,2019,5
544,544,2019-09-29,67012.0,1775.0,29,9,2019,6
545,545,2019-09-30,126055.0,3305.0,30,9,2019,0
911,92,2019-10-01,0.0,0.0,1,10,2019,1
912,93,2019-10-02,0.0,0.0,2,10,2019,2
913,94,2019-10-03,0.0,0.0,3,10,2019,3
914,95,2019-10-04,0.0,0.0,4,10,2019,4
915,96,2019-10-05,0.0,0.0,5,10,2019,5
916,97,2019-10-06,0.0,0.0,6,10,2019,6
917,98,2019-10-07,0.0,0.0,7,10,2019,0
918,99,2019-10-08,0.0,0.0,8,10,2019,1
919,100,2019-10-09,0.0,0.0,9,10,2019,2
920,101,2019-10-10,0.0,0.0,10,10,2019,3
921,102,2019-10-11,0.0,0.0,11,10,2019,4
922,103,2019-10-12,0.0,0.0,12,10,2019,5
923,104,2019-10-13,0.0,0.0,13,10,2019,6
924,105,2019-10-14,0.0,0.0,14,10,2019,0
925,106,2019-10-15,0.0,0.0,15,10,2019,1
926,107,2019-10-16,0.0,0.0,16,10,2019,2
927,108,2019-10-17,0.0,0.0,17,10,2019,3
928,109,2019-10-18,0.0,0.0,18,10,2019,4
929,110,2019-10-19,0.0,0.0,19,10,2019,5
930,111,2019-10-20,0.0,0.0,20,10,2019,6
931,112,2019-10-21,0.0,0.0,21,10,2019,0
932,113,2019-10-22,0.0,0.0,22,10,2019,1
933,114,2019-10-23,0.0,0.0,23,10,2019,2
934,115,2019-10-24,0.0,0.0,24,10,2019,3
935,116,2019-10-25,0.0,0.0,25,10,2019,4
936,117,2019-10-26,0.0,0.0,26,10,2019,5
937,118,2019-10-27,0.0,0.0,27,10,2019,6
938,119,2019-10-28,0.0,0.0,28,10,2019,0
939,120,2019-10-29,0.0,0.0,29,10,2019,1
940,121,2019-10-30,0.0,0.0,30,10,2019,2
941,122,2019-10-31,0.0,0.0,31,10,2019,3
942,123,2019-11-01,0.0,0.0,1,11,2019,4
943,124,2019-11-02,0.0,0.0,2,11,2019,5
944,125,2019-11-03,0.0,0.0,3,11,2019,6
945,126,2019-11-04,0.0,0.0,4,11,2019,0
946,127,2019-11-05,0.0,0.0,5,11,2019,1
947,128,2019-11-06,0.0,0.0,6,11,2019,2
948,129,2019-11-07,0.0,0.0,7,11,2019,3
949,130,2019-11-08,0.0,0.0,8,11,2019,4
950,131,2019-11-09,0.0,0.0,9,11,2019,5
951,132,2019-11-10,0.0,0.0,10,11,2019,6
952,133,2019-11-11,0.0,0.0,11,11,2019,0
953,134,2019-11-12,0.0,0.0,12,11,2019,1
954,135,2019-11-13,0.0,0.0,13,11,2019,2
955,136,2019-11-14,0.0,0.0,14,11,2019,3
956,137,2019-11-15,0.0,0.0,15,11,2019,4
957,138,2019-11-16,0.0,0.0,16,11,2019,5
958,139,2019-11-17,0.0,0.0,17,11,2019,6
959,140,2019-11-18,0.0,0.0,18,11,2019,0
960,141,2019-11-19,0.0,0.0,19,11,2019,1
961,142,2019-11-20,0.0,0.0,20,11,2019,2
962,143,2019-11-21,0.0,0.0,21,11,2019,3
963,144,2019-11-22,0.0,0.0,22,11,2019,4
964,145,2019-11-23,0.0,0.0,23,11,2019,5
965,146,2019-11-24,0.0,0.0,24,11,2019,6
966,147,2019-11-25,0.0,0.0,25,11,2019,0
967,148,2019-11-26,0.0,0.0,26,11,2019,1
968,149,2019-11-27,0.0,0.0,27,11,2019,2
969,150,2019-11-28,0.0,0.0,28,11,2019,3
970,151,2019-11-29,0.0,0.0,29,11,2019,4
971,152,2019-11-30,0.0,0.0,30,11,2019,5
972,153,2019-12-01,0.0,0.0,1,12,2019,6
973,154,2019-12-02,0.0,0.0,2,12,2019,0
974,155,2019-12-03,0.0,0.0,3,12,2019,1
975,156,2019-12-04,0.0,0.0,4,12,2019,2
976,157,2019-12-05,0.0,0.0,5,12,2019,3
977,158,2019-12-06,0.0,0.0,6,12,2019,4
978,159,2019-12-07,0.0,0.0,7,12,2019,5
979,160,2019-12-08,0.0,0.0,8,12,2019,6
980,161,2019-12-09,0.0,0.0,9,12,2019,0
981,162,2019-12-10,0.0,0.0,10,12,2019,1
982,163,2019-12-11,0.0,0.0,11,12,2019,2
983,164,2019-12-12,0.0,0.0,12,12,2019,3
984,165,2019-12-13,0.0,0.0,13,12,2019,4
985,166,2019-12-14,0.0,0.0,14,12,2019,5
986,167,2019-12-15,0.0,0.0,15,12,2019,6
987,168,2019-12-16,0.0,0.0,16,12,2019,0
988,169,2019-12-17,0.0,0.0,17,12,2019,1
989,170,2019-12-18,0.0,0.0,18,12,2019,2
990,171,2019-12-19,0.0,0.0,19,12,2019,3
991,172,2019-12-20,0.0,0.0,20,12,2019,4
992,173,2019-12-21,0.0,0.0,21,12,2019,5
993,174,2019-12-22,0.0,0.0,22,12,2019,6
994,175,2019-12-23,0.0,0.0,23,12,2019,0
995,176,2019-12-24,0.0,0.0,24,12,2019,1
996,177,2019-12-25,0.0,0.0,25,12,2019,2
997,178,2019-12-26,0.0,0.0,26,12,2019,3
998,179,2019-12-27,0.0,0.0,27,12,2019,4
999,180,2019-12-28,0.0,0.0,28,12,2019,5
1000,181,2019-12-29,0.0,0.0,29,12,2019,6
1001,182,2019-12-30,0.0,0.0,30,12,2019,0
1002,183,2019-12-31,0.0,0.0,31,12,2019,1
546,546,2020-01-01,367496.8,8354.0,1,1,2020,2
547,547,2020-01-02,334416.0,8429.0,2,1,2020,3
548,548,2020-01-03,116971.0,2883.0,3,1,2020,4
549,549,2020-01-04,63482.0,1501.0,4,1,2020,5
550,550,2020-01-05,65425.0,1329.0,5,1,2020,6
551,551,2020-01-06,74183.0,1735.0,6,1,2020,0
552,552,2020-01-07,123649.0,2981.0,7,1,2020,1
553,553,2020-01-08,53875.0,1171.0,8,1,2020,2
554,554,2020-01-09,33531.0,886.0,9,1,2020,3
555,555,2020-01-10,46014.0,1205.0,10,1,2020,4
556,556,2020-01-11,45174.0,1004.0,11,1,2020,5
557,557,2020-01-12,26454.0,658.0,12,1,2020,6
558,558,2020-01-13,45167.0,1288.0,13,1,2020,0
559,559,2020-01-14,96331.0,2672.0,14,1,2020,1
560,560,2020-01-15,25478.0,621.0,15,1,2020,2
561,561,2020-01-16,26732.0,680.0,16,1,2020,3
562,562,2020-01-17,33846.0,1161.0,17,1,2020,4
563,563,2020-01-18,51362.0,1441.0,18,1,2020,5
564,564,2020-01-19,63962.0,1770.0,19,1,2020,6
565,565,2020-01-20,51195.0,1341.0,20,1,2020,0
566,566,2020-01-21,111947.0,2804.0,21,1,2020,1
567,567,2020-01-22,35456.0,871.0,22,1,2020,2
568,568,2020-01-23,25836.0,632.0,23,1,2020,3
569,569,2020-01-24,38229.0,1182.0,24,1,2020,4
570,570,2020-01-25,29120.0,605.0,25,1,2020,5
571,571,2020-01-26,40423.0,1132.0,26,1,2020,6
572,572,2020-01-27,63020.0,1575.0,27,1,2020,0
573,573,2020-01-28,104694.0,2608.0,28,1,2020,1
574,574,2020-01-29,25999.0,663.0,29,1,2020,2
575,575,2020-01-30,30452.0,764.0,30,1,2020,3
576,576,2020-01-31,30325.0,963.0,31,1,2020,4
577,577,2020-02-01,47633.0,1117.0,1,2,2020,5
578,578,2020-02-02,45716.0,1242.0,2,2,2020,6
579,579,2020-02-03,60648.0,1641.0,3,2,2020,0
580,580,2020-02-04,116845.0,3055.0,4,2,2020,1
581,581,2020-02-05,55969.0,1331.0,5,2,2020,2
582,582,2020-02-06,27295.0,731.0,6,2,2020,3
583,583,2020-02-07,27038.0,847.0,7,2,2020,4
584,584,2020-02-08,35651.0,750.0,8,2,2020,5
585,585,2020-02-09,57063.0,1501.0,9,2,2020,6
586,586,2020-02-10,68138.0,1708.0,10,2,2020,0
587,587,2020-02-11,121548.0,2957.0,11,2,2020,1
588,588,2020-02-12,55302.0,1382.0,12,2,2020,2
589,589,2020-02-13,53636.0,1686.0,13,2,2020,3
590,590,2020-02-14,60034.0,2117.0,14,2,2020,4
591,591,2020-02-15,35974.0,1245.0,15,2,2020,5
592,592,2020-02-16,60641.0,1526.0,16,2,2020,6
593,593,2020-02-17,74497.0,1882.0,17,2,2020,0
594,594,2020-02-18,128022.0,3361.0,18,2,2020,1
595,595,2020-02-19,31496.0,872.0,19,2,2020,2
596,596,2020-02-20,30122.0,793.0,20,2,2020,3
597,597,2020-02-21,35691.0,1214.0,21,2,2020,4
598,598,2020-02-22,42859.0,1148.0,22,2,2020,5
599,599,2020-02-23,65286.0,1518.0,23,2,2020,6
600,600,2020-02-24,70007.0,1811.0,24,2,2020,0
601,601,2020-02-25,163761.0,4312.0,25,2,2020,1
602,602,2020-02-26,41671.0,1086.0,26,2,2020,2
603,603,2020-02-27,34799.0,848.0,27,2,2020,3
604,604,2020-02-28,48736.0,1391.0,28,2,2020,4
1003,184,2020-02-29,0.0,0.0,29,2,2020,5
605,605,2020-03-01,67306.0,1696.0,1,3,2020,6
606,606,2020-03-02,54756.0,1365.0,2,3,2020,0
607,607,2020-03-03,63925.0,1578.0,3,3,2020,1
608,608,2020-03-04,114051.0,2810.0,4,3,2020,2
609,609,2020-03-05,27940.0,784.0,5,3,2020,3
610,610,2020-03-06,23683.0,622.0,6,3,2020,4
611,611,2020-03-07,40704.0,1228.0,7,3,2020,5
612,612,2020-03-08,51428.0,1327.0,8,3,2020,6
613,613,2020-03-09,34584.0,1119.0,9,3,2020,0
614,614,2020-03-10,52652.0,1707.0,10,3,2020,1
615,615,2020-03-11,104573.0,2701.0,11,3,2020,2
616,616,2020-03-12,31266.0,807.0,12,3,2020,3
617,617,2020-03-13,39453.0,1000.0,13,3,2020,4
618,618,2020-03-14,55282.0,1620.0,14,3,2020,5
619,619,2020-03-15,35479.0,970.0,15,3,2020,6
620,620,2020-03-16,46467.0,1235.0,16,3,2020,0
621,621,2020-03-17,71122.0,1823.0,17,3,2020,1
622,622,2020-03-18,117541.0,3048.0,18,3,2020,2
623,623,2020-03-19,44225.0,1112.0,19,3,2020,3
624,624,2020-03-20,45952.0,1009.0,20,3,2020,4
625,625,2020-03-21,37919.0,1086.0,21,3,2020,5
626,626,2020-03-22,46559.0,1415.0,22,3,2020,6
627,627,2020-03-23,56675.0,1427.0,23,3,2020,0
628,628,2020-03-24,84959.0,2068.0,24,3,2020,1
629,629,2020-03-25,145365.0,3681.0,25,3,2020,2
630,630,2020-03-26,37197.0,995.0,26,3,2020,3
631,631,2020-03-27,36769.0,868.0,27,3,2020,4
632,632,2020-03-28,38462.0,941.0,28,3,2020,5
633,633,2020-03-29,38637.0,892.0,29,3,2020,6
634,634,2020-03-30,57956.0,1298.0,30,3,2020,0
635,635,2020-03-31,73090.0,1780.0,31,3,2020,1
636,636,2020-04-01,128330.0,3621.0,1,4,2020,2
637,637,2020-04-02,39429.0,1126.0,2,4,2020,3
638,638,2020-04-03,38603.0,1001.0,3,4,2020,4
639,639,2020-04-04,44916.0,1194.0,4,4,2020,5
640,640,2020-04-05,36558.0,852.0,5,4,2020,6
641,641,2020-04-06,71825.0,1748.0,6,4,2020,0
642,642,2020-04-07,76259.0,1821.0,7,4,2020,1
643,643,2020-04-08,106480.0,2646.0,8,4,2020,2
644,644,2020-04-09,41724.0,1025.0,9,4,2020,3
645,645,2020-04-10,45579.0,1024.0,10,4,2020,4
646,646,2020-04-11,29907.0,846.0,11,4,2020,5
647,647,2020-04-12,59552.0,1567.0,12,4,2020,6
648,648,2020-04-13,136717.0,3329.0,13,4,2020,0
649,649,2020-04-14,221216.0,5771.0,14,4,2020,1
650,650,2020-04-15,287041.0,7335.0,15,4,2020,2
651,651,2020-04-16,164381.0,4457.0,16,4,2020,3
652,652,2020-04-17,78749.0,1876.0,17,4,2020,4
653,653,2020-04-18,45080.0,1150.0,18,4,2020,5
654,654,2020-04-19,43050.0,1222.0,19,4,2020,6
655,655,2020-04-20,45217.0,984.0,20,4,2020,0
656,656,2020-04-21,71336.0,1764.0,21,4,2020,1
657,657,2020-04-22,124566.0,3030.0,22,4,2020,2
658,658,2020-04-23,66223.0,1842.0,23,4,2020,3
659,659,2020-04-24,45982.0,1106.0,24,4,2020,4
660,660,2020-04-25,60464.0,2130.0,25,4,2020,5
661,661,2020-04-26,33417.0,739.0,26,4,2020,6
662,662,2020-04-27,47402.0,1186.0,27,4,2020,0
663,663,2020-04-28,84837.0,1978.0,28,4,2020,1
664,664,2020-04-29,135587.0,3199.0,29,4,2020,2
665,665,2020-04-30,43766.0,1117.0,30,4,2020,3
666,666,2020-05-01,86720.0,2097.0,1,5,2020,4
667,667,2020-05-02,40141.0,1005.0,2,5,2020,5
668,668,2020-05-03,34693.0,1049.0,3,5,2020,6
669,669,2020-05-04,50450.0,1492.0,4,5,2020,0
670,670,2020-05-05,47876.0,1253.0,5,5,2020,1
671,671,2020-05-06,106703.0,2653.0,6,5,2020,2
672,672,2020-05-07,41815.0,1157.0,7,5,2020,3
673,673,2020-05-08,53712.0,1389.0,8,5,2020,4
674,674,2020-05-09,57313.0,1705.0,9,5,2020,5
675,675,2020-05-10,32312.0,835.0,10,5,2020,6
676,676,2020-05-11,50307.0,1382.0,11,5,2020,0
677,677,2020-05-12,82462.0,1784.0,12,5,2020,1
678,678,2020-05-13,108750.0,2859.0,13,5,2020,2
679,679,2020-05-14,60518.0,1592.0,14,5,2020,3
680,680,2020-05-15,30361.0,927.0,15,5,2020,4
681,681,2020-05-16,26526.0,551.0,16,5,2020,5
682,682,2020-05-17,29875.0,834.0,17,5,2020,6
683,683,2020-05-18,68560.0,1942.0,18,5,2020,0
684,684,2020-05-19,81420.0,2079.0,19,5,2020,1
685,685,2020-05-20,116281.0,3104.0,20,5,2020,2
686,686,2020-05-21,41027.0,1128.0,21,5,2020,3
687,687,2020-05-22,34538.0,771.0,22,5,2020,4
688,688,2020-05-23,43050.0,1096.0,23,5,2020,5
689,689,2020-05-24,37408.0,913.0,24,5,2020,6
690,690,2020-05-25,51122.0,1455.0,25,5,2020,0
691,691,2020-05-26,83571.0,1962.0,26,5,2020,1
692,692,2020-05-27,93259.0,2193.0,27,5,2020,2
693,693,2020-05-28,61234.0,1501.0,28,5,2020,3
694,694,2020-05-29,104130.0,2420.0,29,5,2020,4
695,695,2020-05-30,27101.0,603.0,30,5,2020,5
696,696,2020-05-31,42364.0,939.0,31,5,2020,6
697,697,2020-06-01,27118.0,667.0,1,6,2020,0
698,698,2020-06-02,56024.0,1393.0,2,6,2020,1
699,699,2020-06-03,102639.0,2645.0,3,6,2020,2
700,700,2020-06-04,33474.0,838.0,4,6,2020,3
701,701,2020-06-05,29915.0,777.0,5,6,2020,4
702,702,2020-06-06,34551.0,1024.0,6,6,2020,5
703,703,2020-06-07,39414.0,1249.0,7,6,2020,6
704,704,2020-06-08,49768.0,1305.0,8,6,2020,0
705,705,2020-06-09,65955.0,1577.0,9,6,2020,1
706,706,2020-06-10,104132.0,2658.0,10,6,2020,2
707,707,2020-06-11,33002.0,890.0,11,6,2020,3
708,708,2020-06-12,32901.0,926.0,12,6,2020,4
709,709,2020-06-13,35342.0,1030.0,13,6,2020,5
710,710,2020-06-14,32286.0,949.0,14,6,2020,6
711,711,2020-06-15,31663.0,779.0,15,6,2020,0
712,712,2020-06-16,60211.0,1656.0,16,6,2020,1
713,713,2020-06-17,124880.0,3272.0,17,6,2020,2
714,714,2020-06-18,27005.0,655.0,18,6,2020,3
715,715,2020-06-19,31078.0,745.0,19,6,2020,4
716,716,2020-06-20,31706.0,944.0,20,6,2020,5
717,717,2020-06-21,33354.0,867.0,21,6,2020,6
718,718,2020-06-22,39231.0,913.0,22,6,2020,0
719,719,2020-06-23,82949.0,2162.0,23,6,2020,1
720,720,2020-06-24,107279.0,3022.0,24,6,2020,2
721,721,2020-06-25,22410.0,623.0,25,6,2020,3
722,722,2020-06-26,33773.0,854.0,26,6,2020,4
723,723,2020-06-27,30407.0,808.0,27,6,2020,5
724,724,2020-06-28,45384.0,941.0,28,6,2020,6
725,725,2020-06-29,35873.0,963.0,29,6,2020,0
726,726,2020-06-30,97194.0,2390.0,30,6,2020,1
727,727,2020-07-01,105839.0,2814.0,1,7,2020,2
728,728,2020-07-02,33331.0,889.0,2,7,2020,3
729,729,2020-07-03,29299.0,792.0,3,7,2020,4
730,730,2020-07-04,29832.0,862.0,4,7,2020,5
731,731,2020-07-05,32264.0,875.0,5,7,2020,6
732,732,2020-07-06,57668.0,1578.0,6,7,2020,0
733,733,2020-07-07,97887.0,2709.0,7,7,2020,1
734,734,2020-07-08,108651.0,2948.0,8,7,2020,2
735,735,2020-07-09,37196.0,974.0,9,7,2020,3
736,736,2020-07-10,26463.0,681.0,10,7,2020,4
737,737,2020-07-11,55710.0,1456.0,11,7,2020,5
738,738,2020-07-12,34049.0,875.0,12,7,2020,6
739,739,2020-07-13,80519.0,2364.0,13,7,2020,0
740,740,2020-07-14,91247.0,2385.0,14,7,2020,1
741,741,2020-07-15,120496.0,3205.0,15,7,2020,2
742,742,2020-07-16,30223.0,803.0,16,7,2020,3
743,743,2020-07-17,62305.0,1439.0,17,7,2020,4
744,744,2020-07-18,34065.0,855.0,18,7,2020,5
745,745,2020-07-19,54953.0,1204.0,19,7,2020,6
746,746,2020-07-20,58210.0,1351.0,20,7,2020,0
747,747,2020-07-21,105236.0,2645.0,21,7,2020,1
748,748,2020-07-22,139664.0,3640.0,22,7,2020,2
749,749,2020-07-23,40246.0,1137.0,23,7,2020,3
750,750,2020-07-24,43527.0,1021.0,24,7,2020,4
751,751,2020-07-25,44793.0,1273.0,25,7,2020,5
752,752,2020-07-26,51457.0,1294.0,26,7,2020,6
753,753,2020-07-27,124022.0,3080.0,27,7,2020,0
754,754,2020-07-28,218108.0,5015.0,28,7,2020,1
755,755,2020-07-29,299617.0,6784.0,29,7,2020,2
756,756,2020-07-30,154063.0,3833.0,30,7,2020,3
757,757,2020-07-31,24429.0,610.0,31,7,2020,4
758,758,2020-08-01,27823.0,783.0,1,8,2020,5
759,759,2020-08-02,29290.0,820.0,2,8,2020,6
760,760,2020-08-03,42510.0,1202.0,3,8,2020,0
761,761,2020-08-04,110128.0,2641.0,4,8,2020,1
762,762,2020-08-05,130206.0,2952.0,5,8,2020,2
763,763,2020-08-06,29603.0,985.0,6,8,2020,3
764,764,2020-08-07,29221.0,722.0,7,8,2020,4
765,765,2020-08-08,36057.0,848.0,8,8,2020,5
766,766,2020-08-09,48035.0,1074.0,9,8,2020,6
767,767,2020-08-10,41633.0,902.0,10,8,2020,0
768,768,2020-08-11,73408.0,1889.0,11,8,2020,1
769,769,2020-08-12,164601.0,4311.0,12,8,2020,2
770,770,2020-08-13,155327.0,3960.0,13,8,2020,3
771,771,2020-08-14,28380.0,846.0,14,8,2020,4
772,772,2020-08-15,38054.0,869.0,15,8,2020,5
773,773,2020-08-16,75135.0,2013.0,16,8,2020,6
774,774,2020-08-17,53783.0,1329.0,17,8,2020,0
775,775,2020-08-18,67333.0,1738.0,18,8,2020,1
776,776,2020-08-19,101736.0,2593.0,19,8,2020,2
777,777,2020-08-20,49127.0,1327.0,20,8,2020,3
778,778,2020-08-21,67604.0,1900.0,21,8,2020,4
779,779,2020-08-22,55025.0,1661.0,22,8,2020,5
780,780,2020-08-23,50825.0,1675.0,23,8,2020,6
781,781,2020-08-24,120307.0,3392.0,24,8,2020,0
782,782,2020-08-25,75007.0,1996.0,25,8,2020,1
783,783,2020-08-26,123659.0,2962.0,26,8,2020,2
784,784,2020-08-27,49893.0,1048.0,27,8,2020,3
785,785,2020-08-28,26260.0,613.0,28,8,2020,4
786,786,2020-08-29,47603.0,1257.0,29,8,2020,5
787,787,2020-08-30,62121.0,1617.0,30,8,2020,6
788,788,2020-08-31,120385.0,3213.0,31,8,2020,0
789,789,2020-09-01,53692.0,1412.0,1,9,2020,1
790,790,2020-09-02,106039.0,2691.0,2,9,2020,2
791,791,2020-09-03,38489.0,1074.0,3,9,2020,3
792,792,2020-09-04,33015.0,926.0,4,9,2020,4
793,793,2020-09-05,26764.0,706.0,5,9,2020,5
794,794,2020-09-06,31753.0,810.0,6,9,2020,6
795,795,2020-09-07,55933.0,1435.0,7,9,2020,0
796,796,2020-09-08,79430.0,1917.0,8,9,2020,1
797,797,2020-09-09,103468.0,2732.0,9,9,2020,2
798,798,2020-09-10,36486.0,908.0,10,9,2020,3
799,799,2020-09-11,44706.0,1159.0,11,9,2020,4
800,800,2020-09-12,38780.0,918.0,12,9,2020,5
801,801,2020-09-13,27004.0,722.0,13,9,2020,6
802,802,2020-09-14,54106.0,1322.0,14,9,2020,0
803,803,2020-09-15,74971.0,1919.0,15,9,2020,1
804,804,2020-09-16,74179.0,1842.0,16,9,2020,2
805,805,2020-09-17,42572.0,1165.0,17,9,2020,3
806,806,2020-09-18,36383.0,1122.0,18,9,2020,4
807,807,2020-09-19,33185.0,1049.0,19,9,2020,5
808,808,2020-09-20,29364.0,757.0,20,9,2020,6
809,809,2020-09-21,52200.0,1286.0,21,9,2020,0
810,810,2020-09-22,88861.0,2254.0,22,9,2020,1
811,811,2020-09-23,126295.0,2924.0,23,9,2020,2
812,812,2020-09-24,59085.0,1385.0,24,9,2020,3
813,813,2020-09-25,40102.0,969.0,25,9,2020,4
814,814,2020-09-26,32442.0,850.0,26,9,2020,5
815,815,2020-09-27,44967.0,1072.0,27,9,2020,6
816,816,2020-09-28,39855.0,1109.0,28,9,2020,0
817,817,2020-09-29,82841.0,1992.0,29,9,2020,1
818,818,2020-09-30,156700.0,3897.0,30,9,2020,2
1004,185,2020-10-01,0.0,0.0,1,10,2020,3
1005,186,2020-10-02,0.0,0.0,2,10,2020,4
1006,187,2020-10-03,0.0,0.0,3,10,2020,5
1007,188,2020-10-04,0.0,0.0,4,10,2020,6
1008,189,2020-10-05,0.0,0.0,5,10,2020,0
1009,190,2020-10-06,0.0,0.0,6,10,2020,1
1010,191,2020-10-07,0.0,0.0,7,10,2020,2
1011,192,2020-10-08,0.0,0.0,8,10,2020,3
1012,193,2020-10-09,0.0,0.0,9,10,2020,4
1013,194,2020-10-10,0.0,0.0,10,10,2020,5
1014,195,2020-10-11,0.0,0.0,11,10,2020,6
1015,196,2020-10-12,0.0,0.0,12,10,2020,0
1016,197,2020-10-13,0.0,0.0,13,10,2020,1
1017,198,2020-10-14,0.0,0.0,14,10,2020,2
1018,199,2020-10-15,0.0,0.0,15,10,2020,3
1019,200,2020-10-16,0.0,0.0,16,10,2020,4
1020,201,2020-10-17,0.0,0.0,17,10,2020,5
1021,202,2020-10-18,0.0,0.0,18,10,2020,6
1022,203,2020-10-19,0.0,0.0,19,10,2020,0
1023,204,2020-10-20,0.0,0.0,20,10,2020,1
1024,205,2020-10-21,0.0,0.0,21,10,2020,2
1025,206,2020-10-22,0.0,0.0,22,10,2020,3
1026,207,2020-10-23,0.0,0.0,23,10,2020,4
1027,208,2020-10-24,0.0,0.0,24,10,2020,5
1028,209,2020-10-25,0.0,0.0,25,10,2020,6
1029,210,2020-10-26,0.0,0.0,26,10,2020,0
1030,211,2020-10-27,0.0,0.0,27,10,2020,1
1031,212,2020-10-28,0.0,0.0,28,10,2020,2
1032,213,2020-10-29,0.0,0.0,29,10,2020,3
1033,214,2020-10-30,0.0,0.0,30,10,2020,4
1034,215,2020-10-31,0.0,0.0,31,10,2020,5
1035,216,2020-11-01,0.0,0.0,1,11,2020,6
1036,217,2020-11-02,0.0,0.0,2,11,2020,0
1037,218,2020-11-03,0.0,0.0,3,11,2020,1
1038,219,2020-11-04,0.0,0.0,4,11,2020,2
1039,220,2020-11-05,0.0,0.0,5,11,2020,3
1040,221,2020-11-06,0.0,0.0,6,11,2020,4
1041,222,2020-11-07,0.0,0.0,7,11,2020,5
1042,223,2020-11-08,0.0,0.0,8,11,2020,6
1043,224,2020-11-09,0.0,0.0,9,11,2020,0
1044,225,2020-11-10,0.0,0.0,10,11,2020,1
1045,226,2020-11-11,0.0,0.0,11,11,2020,2
1046,227,2020-11-12,0.0,0.0,12,11,2020,3
1047,228,2020-11-13,0.0,0.0,13,11,2020,4
1048,229,2020-11-14,0.0,0.0,14,11,2020,5
1049,230,2020-11-15,0.0,0.0,15,11,2020,6
1050,231,2020-11-16,0.0,0.0,16,11,2020,0
1051,232,2020-11-17,0.0,0.0,17,11,2020,1
1052,233,2020-11-18,0.0,0.0,18,11,2020,2
1053,234,2020-11-19,0.0,0.0,19,11,2020,3
1054,235,2020-11-20,0.0,0.0,20,11,2020,4
1055,236,2020-11-21,0.0,0.0,21,11,2020,5
1056,237,2020-11-22,0.0,0.0,22,11,2020,6
1057,238,2020-11-23,0.0,0.0,23,11,2020,0
1058,239,2020-11-24,0.0,0.0,24,11,2020,1
1059,240,2020-11-25,0.0,0.0,25,11,2020,2
1060,241,2020-11-26,0.0,0.0,26,11,2020,3
1061,242,2020-11-27,0.0,0.0,27,11,2020,4
1062,243,2020-11-28,0.0,0.0,28,11,2020,5
1063,244,2020-11-29,0.0,0.0,29,11,2020,6
1064,245,2020-11-30,0.0,0.0,30,11,2020,0
1065,246,2020-12-01,0.0,0.0,1,12,2020,1
1066,247,2020-12-02,0.0,0.0,2,12,2020,2
1067,248,2020-12-03,0.0,0.0,3,12,2020,3
1068,249,2020-12-04,0.0,0.0,4,12,2020,4
1069,250,2020-12-05,0.0,0.0,5,12,2020,5
1070,251,2020-12-06,0.0,0.0,6,12,2020,6
1071,252,2020-12-07,0.0,0.0,7,12,2020,0
1072,253,2020-12-08,0.0,0.0,8,12,2020,1
1073,254,2020-12-09,0.0,0.0,9,12,2020,2
1074,255,2020-12-10,0.0,0.0,10,12,2020,3
1075,256,2020-12-11,0.0,0.0,11,12,2020,4
1076,257,2020-12-12,0.0,0.0,12,12,2020,5
1077,258,2020-12-13,0.0,0.0,13,12,2020,6
1078,259,2020-12-14,0.0,0.0,14,12,2020,0
1079,260,2020-12-15,0.0,0.0,15,12,2020,1
1080,261,2020-12-16,0.0,0.0,16,12,2020,2
1081,262,2020-12-17,0.0,0.0,17,12,2020,3
1082,263,2020-12-18,0.0,0.0,18,12,2020,4
1083,264,2020-12-19,0.0,0.0,19,12,2020,5
1084,265,2020-12-20,0.0,0.0,20,12,2020,6
1085,266,2020-12-21,0.0,0.0,21,12,2020,0
1086,267,2020-12-22,0.0,0.0,22,12,2020,1
1087,268,2020-12-23,0.0,0.0,23,12,2020,2
1088,269,2020-12-24,0.0,0.0,24,12,2020,3
1089,270,2020-12-25,0.0,0.0,25,12,2020,4
1090,271,2020-12-26,0.0,0.0,26,12,2020,5
1091,272,2020-12-27,0.0,0.0,27,12,2020,6
1092,273,2020-12-28,0.0,0.0,28,12,2020,0
1093,274,2020-12-29,0.0,0.0,29,12,2020,1
1094,275,2020-12-30,0.0,0.0,30,12,2020,2
1095,276,2020-12-31,0.0,0.0,31,12,2020,3
